YEAR,STID,MONTH,DAY,TAVG,DATE,DATE1,DATE2,DATE3
2018,COOK,1,1,11.5,2018-01-01,2018-1-1,1-1-2018,"January 1, 2018"
2018,COOK,1,2,16.86,2018-01-02,2018-1-2,1-2-2018,"January 2, 2018"
2018,COOK,1,3,21.19,2018-01-03,2018-1-3,1-3-2018,"January 3, 2018"
2018,COOK,1,4,24.56,2018-01-04,2018-1-4,1-4-2018,"January 4, 2018"
2018,COOK,1,5,34.11,2018-01-05,2018-1-5,1-5-2018,"January 5, 2018"
2018,COOK,1,6,36.92,2018-01-06,2018-1-6,1-6-2018,"January 6, 2018"
2018,COOK,1,7,38.61,2018-01-07,2018-1-7,1-7-2018,"January 7, 2018"
2018,COOK,1,8,39.27,2018-01-08,2018-1-8,1-8-2018,"January 8, 2018"
2018,COOK,1,9,38.3,2018-01-09,2018-1-9,1-9-2018,"January 9, 2018"
2018,COOK,1,10,50.7,2018-01-10,2018-1-10,1-10-2018,"January 10, 2018"
2018,COOK,1,11,40.9,2018-01-11,2018-1-11,1-11-2018,"January 11, 2018"
2018,COOK,1,12,21.33,2018-01-12,2018-1-12,1-12-2018,"January 12, 2018"
2018,COOK,1,13,24.83,2018-01-13,2018-1-13,1-13-2018,"January 13, 2018"
2018,COOK,1,14,31.53,2018-01-14,2018-1-14,1-14-2018,"January 14, 2018"
2018,COOK,1,15,26.12,2018-01-15,2018-1-15,1-15-2018,"January 15, 2018"
2018,COOK,1,16,9.4,2018-01-16,2018-1-16,1-16-2018,"January 16, 2018"
2018,COOK,1,17,13.49,2018-01-17,2018-1-17,1-17-2018,"January 17, 2018"
2018,COOK,1,18,30.32,2018-01-18,2018-1-18,1-18-2018,"January 18, 2018"
2018,COOK,1,19,41.69,2018-01-19,2018-1-19,1-19-2018,"January 19, 2018"
2018,COOK,1,20,54.24,2018-01-20,2018-1-20,1-20-2018,"January 20, 2018"
2018,COOK,1,21,61.75,2018-01-21,2018-1-21,1-21-2018,"January 21, 2018"
2018,COOK,1,22,44.12,2018-01-22,2018-1-22,1-22-2018,"January 22, 2018"
2018,COOK,1,23,36.16,2018-01-23,2018-1-23,1-23-2018,"January 23, 2018"
2018,COOK,1,24,38.1,2018-01-24,2018-1-24,1-24-2018,"January 24, 2018"
2018,COOK,1,25,49.83,2018-01-25,2018-1-25,1-25-2018,"January 25, 2018"
2018,COOK,1,26,50.49,2018-01-26,2018-1-26,1-26-2018,"January 26, 2018"
2018,COOK,1,27,50.13,2018-01-27,2018-1-27,1-27-2018,"January 27, 2018"
2018,COOK,1,28,41.75,2018-01-28,2018-1-28,1-28-2018,"January 28, 2018"
2018,COOK,1,29,30.65,2018-01-29,2018-1-29,1-29-2018,"January 29, 2018"
2018,COOK,1,30,35.72,2018-01-30,2018-1-30,1-30-2018,"January 30, 2018"
2018,COOK,1,31,51.19,2018-01-31,2018-1-31,1-31-2018,"January 31, 2018"
2018,COOK,2,1,42.07,2018-02-01,2018-2-1,2-1-2018,"February 1, 2018"
2018,COOK,2,2,33.32,2018-02-02,2018-2-2,2-2-2018,"February 2, 2018"
2018,COOK,2,3,38.61,2018-02-03,2018-2-3,2-3-2018,"February 3, 2018"
2018,COOK,2,4,32.22,2018-02-04,2018-2-4,2-4-2018,"February 4, 2018"
2018,COOK,2,5,28.43,2018-02-05,2018-2-5,2-5-2018,"February 5, 2018"
2018,COOK,2,6,29.98,2018-02-06,2018-2-6,2-6-2018,"February 6, 2018"
2018,COOK,2,7,29.9,2018-02-07,2018-2-7,2-7-2018,"February 7, 2018"
2018,COOK,2,8,39.47,2018-02-08,2018-2-8,2-8-2018,"February 8, 2018"
2018,COOK,2,9,51.3,2018-02-09,2018-2-9,2-9-2018,"February 9, 2018"
2018,COOK,2,10,30.8,2018-02-10,2018-2-10,2-10-2018,"February 10, 2018"
2018,COOK,2,11,22.62,2018-02-11,2018-2-11,2-11-2018,"February 11, 2018"
2018,COOK,2,12,30.59,2018-02-12,2018-2-12,2-12-2018,"February 12, 2018"
2018,COOK,2,13,40.03,2018-02-13,2018-2-13,2-13-2018,"February 13, 2018"
2018,COOK,2,14,52.6,2018-02-14,2018-2-14,2-14-2018,"February 14, 2018"
2018,COOK,2,15,67.35,2018-02-15,2018-2-15,2-15-2018,"February 15, 2018"
2018,COOK,2,16,45.82,2018-02-16,2018-2-16,2-16-2018,"February 16, 2018"
2018,COOK,2,17,41.51,2018-02-17,2018-2-17,2-17-2018,"February 17, 2018"
2018,COOK,2,18,44.75,2018-02-18,2018-2-18,2-18-2018,"February 18, 2018"
2018,COOK,2,19,63.42,2018-02-19,2018-2-19,2-19-2018,"February 19, 2018"
2018,COOK,2,20,53.39,2018-02-20,2018-2-20,2-20-2018,"February 20, 2018"
2018,COOK,2,21,31.26,2018-02-21,2018-2-21,2-21-2018,"February 21, 2018"
2018,COOK,2,22,40.37,2018-02-22,2018-2-22,2-22-2018,"February 22, 2018"
2018,COOK,2,23,46.43,2018-02-23,2018-2-23,2-23-2018,"February 23, 2018"
2018,COOK,2,24,49.56,2018-02-24,2018-2-24,2-24-2018,"February 24, 2018"
2018,COOK,2,25,44.15,2018-02-25,2018-2-25,2-25-2018,"February 25, 2018"
2018,COOK,2,26,50.79,2018-02-26,2018-2-26,2-26-2018,"February 26, 2018"
2018,COOK,2,27,51.82,2018-02-27,2018-2-27,2-27-2018,"February 27, 2018"
2018,COOK,2,28,57.99,2018-02-28,2018-2-28,2-28-2018,"February 28, 2018"
2018,COOK,3,1,51.41,2018-03-01,2018-3-1,3-1-2018,"March 1, 2018"
2018,COOK,3,2,49.39,2018-03-02,2018-3-2,3-2-2018,"March 2, 2018"
2018,COOK,3,3,54.01,2018-03-03,2018-3-3,3-3-2018,"March 3, 2018"
2018,COOK,3,4,51.83,2018-03-04,2018-3-4,3-4-2018,"March 4, 2018"
2018,COOK,3,5,54.35,2018-03-05,2018-3-5,3-5-2018,"March 5, 2018"
2018,COOK,3,6,44.05,2018-03-06,2018-3-6,3-6-2018,"March 6, 2018"
2018,COOK,3,7,35.78,2018-03-07,2018-3-7,3-7-2018,"March 7, 2018"
2018,COOK,3,8,41.7,2018-03-08,2018-3-8,3-8-2018,"March 8, 2018"
2018,COOK,3,9,58.22,2018-03-09,2018-3-9,3-9-2018,"March 9, 2018"
2018,COOK,3,10,59.51,2018-03-10,2018-3-10,3-10-2018,"March 10, 2018"
2018,COOK,3,11,47.09,2018-03-11,2018-3-11,3-11-2018,"March 11, 2018"
2018,COOK,3,12,40.51,2018-03-12,2018-3-12,3-12-2018,"March 12, 2018"
2018,COOK,3,13,40.28,2018-03-13,2018-3-13,3-13-2018,"March 13, 2018"
2018,COOK,3,14,46.54,2018-03-14,2018-3-14,3-14-2018,"March 14, 2018"
2018,COOK,3,15,59.8,2018-03-15,2018-3-15,3-15-2018,"March 15, 2018"
2018,COOK,3,16,65.48,2018-03-16,2018-3-16,3-16-2018,"March 16, 2018"
2018,COOK,3,17,52.81,2018-03-17,2018-3-17,3-17-2018,"March 17, 2018"
2018,COOK,3,18,54.22,2018-03-18,2018-3-18,3-18-2018,"March 18, 2018"
2018,COOK,3,19,50.49,2018-03-19,2018-3-19,3-19-2018,"March 19, 2018"
2018,COOK,3,20,45.08,2018-03-20,2018-3-20,3-20-2018,"March 20, 2018"
2018,COOK,3,21,43.74,2018-03-21,2018-3-21,3-21-2018,"March 21, 2018"
2018,COOK,3,22,56.76,2018-03-22,2018-3-22,3-22-2018,"March 22, 2018"
2018,COOK,3,23,64.13,2018-03-23,2018-3-23,3-23-2018,"March 23, 2018"
2018,COOK,3,24,66.29,2018-03-24,2018-3-24,3-24-2018,"March 24, 2018"
2018,COOK,3,25,53.03,2018-03-25,2018-3-25,3-25-2018,"March 25, 2018"
2018,COOK,3,26,59.02,2018-03-26,2018-3-26,3-26-2018,"March 26, 2018"
2018,COOK,3,27,57.01,2018-03-27,2018-3-27,3-27-2018,"March 27, 2018"
2018,COOK,3,28,53.1,2018-03-28,2018-3-28,3-28-2018,"March 28, 2018"
2018,COOK,3,29,50.57,2018-03-29,2018-3-29,3-29-2018,"March 29, 2018"
2018,COOK,3,30,48.63,2018-03-30,2018-3-30,3-30-2018,"March 30, 2018"
2018,COOK,3,31,59.66,2018-03-31,2018-3-31,3-31-2018,"March 31, 2018"
2018,COOK,4,1,43.49,2018-04-01,2018-4-1,4-1-2018,"April 1, 2018"
2018,COOK,4,2,44.79,2018-04-02,2018-4-2,4-2-2018,"April 2, 2018"
2018,COOK,4,3,56.44,2018-04-03,2018-4-3,4-3-2018,"April 3, 2018"
2018,COOK,4,4,41.31,2018-04-04,2018-4-4,4-4-2018,"April 4, 2018"
2018,COOK,4,5,50.48,2018-04-05,2018-4-5,4-5-2018,"April 5, 2018"
2018,COOK,4,6,49.4,2018-04-06,2018-4-6,4-6-2018,"April 6, 2018"
2018,COOK,4,7,33.34,2018-04-07,2018-4-7,4-7-2018,"April 7, 2018"
2018,COOK,4,8,38.44,2018-04-08,2018-4-8,4-8-2018,"April 8, 2018"
2018,COOK,4,9,48.82,2018-04-09,2018-4-9,4-9-2018,"April 9, 2018"
2018,COOK,4,10,49.74,2018-04-10,2018-4-10,4-10-2018,"April 10, 2018"
2018,COOK,4,11,64.51,2018-04-11,2018-4-11,4-11-2018,"April 11, 2018"
2018,COOK,4,12,70.16,2018-04-12,2018-4-12,4-12-2018,"April 12, 2018"
2018,COOK,4,13,67.27,2018-04-13,2018-4-13,4-13-2018,"April 13, 2018"
2018,COOK,4,14,42.49,2018-04-14,2018-4-14,4-14-2018,"April 14, 2018"
2018,COOK,4,15,38.93,2018-04-15,2018-4-15,4-15-2018,"April 15, 2018"
2018,COOK,4,16,46.45,2018-04-16,2018-4-16,4-16-2018,"April 16, 2018"
2018,COOK,4,17,68.99,2018-04-17,2018-4-17,4-17-2018,"April 17, 2018"
2018,COOK,4,18,62.85,2018-04-18,2018-4-18,4-18-2018,"April 18, 2018"
2018,COOK,4,19,49.35,2018-04-19,2018-4-19,4-19-2018,"April 19, 2018"
2018,COOK,4,20,54.45,2018-04-20,2018-4-20,4-20-2018,"April 20, 2018"
2018,COOK,4,21,54.76,2018-04-21,2018-4-21,4-21-2018,"April 21, 2018"
2018,COOK,4,22,50.28,2018-04-22,2018-4-22,4-22-2018,"April 22, 2018"
2018,COOK,4,23,57.73,2018-04-23,2018-4-23,4-23-2018,"April 23, 2018"
2018,COOK,4,24,60.85,2018-04-24,2018-4-24,4-24-2018,"April 24, 2018"
2018,COOK,4,25,51.28,2018-04-25,2018-4-25,4-25-2018,"April 25, 2018"
2018,COOK,4,26,52.33,2018-04-26,2018-4-26,4-26-2018,"April 26, 2018"
2018,COOK,4,27,55.94,2018-04-27,2018-4-27,4-27-2018,"April 27, 2018"
2018,COOK,4,28,62.26,2018-04-28,2018-4-28,4-28-2018,"April 28, 2018"
2018,COOK,4,29,64.87,2018-04-29,2018-4-29,4-29-2018,"April 29, 2018"
2018,COOK,4,30,68.18,2018-04-30,2018-4-30,4-30-2018,"April 30, 2018"
2018,COOK,5,1,68.36,2018-05-01,2018-5-1,5-1-2018,"May 1, 2018"
2018,COOK,5,2,72.59,2018-05-02,2018-5-2,5-2-2018,"May 2, 2018"
2018,COOK,5,3,66.78,2018-05-03,2018-5-3,5-3-2018,"May 3, 2018"
2018,COOK,5,4,62.82,2018-05-04,2018-5-4,5-4-2018,"May 4, 2018"
2018,COOK,5,5,63.6,2018-05-05,2018-5-5,5-5-2018,"May 5, 2018"
2018,COOK,5,6,67.82,2018-05-06,2018-5-6,5-6-2018,"May 6, 2018"
2018,COOK,5,7,72.42,2018-05-07,2018-5-7,5-7-2018,"May 7, 2018"
2018,COOK,5,8,75.19,2018-05-08,2018-5-8,5-8-2018,"May 8, 2018"
2018,COOK,5,9,77.45,2018-05-09,2018-5-9,5-9-2018,"May 9, 2018"
2018,COOK,5,10,73.49,2018-05-10,2018-5-10,5-10-2018,"May 10, 2018"
2018,COOK,5,11,74.81,2018-05-11,2018-5-11,5-11-2018,"May 11, 2018"
2018,COOK,5,12,75.32,2018-05-12,2018-5-12,5-12-2018,"May 12, 2018"
2018,COOK,5,13,75.85,2018-05-13,2018-5-13,5-13-2018,"May 13, 2018"
2018,COOK,5,14,77.1,2018-05-14,2018-5-14,5-14-2018,"May 14, 2018"
2018,COOK,5,15,69.83,2018-05-15,2018-5-15,5-15-2018,"May 15, 2018"
2018,COOK,5,16,66.06,2018-05-16,2018-5-16,5-16-2018,"May 16, 2018"
2018,COOK,5,17,69.21,2018-05-17,2018-5-17,5-17-2018,"May 17, 2018"
2018,COOK,5,18,75.07,2018-05-18,2018-5-18,5-18-2018,"May 18, 2018"
2018,COOK,5,19,76.62,2018-05-19,2018-5-19,5-19-2018,"May 19, 2018"
2018,COOK,5,20,72.9,2018-05-20,2018-5-20,5-20-2018,"May 20, 2018"
2018,COOK,5,21,71.09,2018-05-21,2018-5-21,5-21-2018,"May 21, 2018"
2018,COOK,5,22,73.55,2018-05-22,2018-5-22,5-22-2018,"May 22, 2018"
2018,COOK,5,23,72.31,2018-05-23,2018-5-23,5-23-2018,"May 23, 2018"
2018,COOK,5,24,73.81,2018-05-24,2018-5-24,5-24-2018,"May 24, 2018"
2018,COOK,5,25,73.89,2018-05-25,2018-5-25,5-25-2018,"May 25, 2018"
2018,COOK,5,26,76.21,2018-05-26,2018-5-26,5-26-2018,"May 26, 2018"
2018,COOK,5,27,77.16,2018-05-27,2018-5-27,5-27-2018,"May 27, 2018"
2018,COOK,5,28,76.86,2018-05-28,2018-5-28,5-28-2018,"May 28, 2018"
2018,COOK,5,29,76.61,2018-05-29,2018-5-29,5-29-2018,"May 29, 2018"
2018,COOK,5,30,75.9,2018-05-30,2018-5-30,5-30-2018,"May 30, 2018"
2018,COOK,5,31,77.21,2018-05-31,2018-5-31,5-31-2018,"May 31, 2018"
2018,COOK,6,1,81.9,2018-06-01,2018-6-1,6-1-2018,"June 1, 2018"
2018,COOK,6,2,79.68,2018-06-02,2018-6-2,6-2-2018,"June 2, 2018"
2018,COOK,6,3,70.5,2018-06-03,2018-6-3,6-3-2018,"June 3, 2018"
2018,COOK,6,4,67.89,2018-06-04,2018-6-4,6-4-2018,"June 4, 2018"
2018,COOK,6,5,72.9,2018-06-05,2018-6-5,6-5-2018,"June 5, 2018"
2018,COOK,6,6,77.6,2018-06-06,2018-6-6,6-6-2018,"June 6, 2018"
2018,COOK,6,7,72.94,2018-06-07,2018-6-7,6-7-2018,"June 7, 2018"
2018,COOK,6,8,76.86,2018-06-08,2018-6-8,6-8-2018,"June 8, 2018"
2018,COOK,6,9,78.29,2018-06-09,2018-6-9,6-9-2018,"June 9, 2018"
2018,COOK,6,10,80.99,2018-06-10,2018-6-10,6-10-2018,"June 10, 2018"
2018,COOK,6,11,81.29,2018-06-11,2018-6-11,6-11-2018,"June 11, 2018"
2018,COOK,6,12,75.91,2018-06-12,2018-6-12,6-12-2018,"June 12, 2018"
2018,COOK,6,13,80.64,2018-06-13,2018-6-13,6-13-2018,"June 13, 2018"
2018,COOK,6,14,82.21,2018-06-14,2018-6-14,6-14-2018,"June 14, 2018"
2018,COOK,6,15,82.15,2018-06-15,2018-6-15,6-15-2018,"June 15, 2018"
2018,COOK,6,16,82.59,2018-06-16,2018-6-16,6-16-2018,"June 16, 2018"
2018,COOK,6,17,82.95,2018-06-17,2018-6-17,6-17-2018,"June 17, 2018"
2018,COOK,6,18,81.13,2018-06-18,2018-6-18,6-18-2018,"June 18, 2018"
2018,COOK,6,19,78.1,2018-06-19,2018-6-19,6-19-2018,"June 19, 2018"
2018,COOK,6,20,72.6,2018-06-20,2018-6-20,6-20-2018,"June 20, 2018"
2018,COOK,6,21,75.21,2018-06-21,2018-6-21,6-21-2018,"June 21, 2018"
2018,COOK,6,22,71.7,2018-06-22,2018-6-22,6-22-2018,"June 22, 2018"
2018,COOK,6,23,73.86,2018-06-23,2018-6-23,6-23-2018,"June 23, 2018"
2018,COOK,6,24,70.15,2018-06-24,2018-6-24,6-24-2018,"June 24, 2018"
2018,COOK,6,25,75.01,2018-06-25,2018-6-25,6-25-2018,"June 25, 2018"
2018,COOK,6,26,81.52,2018-06-26,2018-6-26,6-26-2018,"June 26, 2018"
2018,COOK,6,27,84.71,2018-06-27,2018-6-27,6-27-2018,"June 27, 2018"
2018,COOK,6,28,84.62,2018-06-28,2018-6-28,6-28-2018,"June 28, 2018"
2018,COOK,6,29,83.65,2018-06-29,2018-6-29,6-29-2018,"June 29, 2018"
2018,COOK,6,30,82.08,2018-06-30,2018-6-30,6-30-2018,"June 30, 2018"
2018,COOK,7,1,77.01,2018-07-01,2018-7-1,7-1-2018,"July 1, 2018"
2018,COOK,7,2,81.87,2018-07-02,2018-7-2,7-2-2018,"July 2, 2018"
2018,COOK,7,3,82.31,2018-07-03,2018-7-3,7-3-2018,"July 3, 2018"
2018,COOK,7,4,80.61,2018-07-04,2018-7-4,7-4-2018,"July 4, 2018"
2018,COOK,7,5,78.75,2018-07-05,2018-7-5,7-5-2018,"July 5, 2018"
2018,COOK,7,6,77.35,2018-07-06,2018-7-6,7-6-2018,"July 6, 2018"
2018,COOK,7,7,78.8,2018-07-07,2018-7-7,7-7-2018,"July 7, 2018"
2018,COOK,7,8,80.09,2018-07-08,2018-7-8,7-8-2018,"July 8, 2018"
2018,COOK,7,9,77.91,2018-07-09,2018-7-9,7-9-2018,"July 9, 2018"
2018,COOK,7,10,80.44,2018-07-10,2018-7-10,7-10-2018,"July 10, 2018"
2018,COOK,7,11,81.9,2018-07-11,2018-7-11,7-11-2018,"July 11, 2018"
2018,COOK,7,12,84.14,2018-07-12,2018-7-12,7-12-2018,"July 12, 2018"
2018,COOK,7,13,81.69,2018-07-13,2018-7-13,7-13-2018,"July 13, 2018"
2018,COOK,7,14,84.21,2018-07-14,2018-7-14,7-14-2018,"July 14, 2018"
2018,COOK,7,15,84.38,2018-07-15,2018-7-15,7-15-2018,"July 15, 2018"
2018,COOK,7,16,79.49,2018-07-16,2018-7-16,7-16-2018,"July 16, 2018"
2018,COOK,7,17,81.67,2018-07-17,2018-7-17,7-17-2018,"July 17, 2018"
2018,COOK,7,18,78.06,2018-07-18,2018-7-18,7-18-2018,"July 18, 2018"
2018,COOK,7,19,87.13,2018-07-19,2018-7-19,7-19-2018,"July 19, 2018"
2018,COOK,7,20,92.14,2018-07-20,2018-7-20,7-20-2018,"July 20, 2018"
2018,COOK,7,21,86.6,2018-07-21,2018-7-21,7-21-2018,"July 21, 2018"
2018,COOK,7,22,78.19,2018-07-22,2018-7-22,7-22-2018,"July 22, 2018"
2018,COOK,7,23,80.02,2018-07-23,2018-7-23,7-23-2018,"July 23, 2018"
2018,COOK,7,24,78.22,2018-07-24,2018-7-24,7-24-2018,"July 24, 2018"
2018,COOK,7,25,82.07,2018-07-25,2018-7-25,7-25-2018,"July 25, 2018"
2018,COOK,7,26,78.23,2018-07-26,2018-7-26,7-26-2018,"July 26, 2018"
2018,COOK,7,27,75.68,2018-07-27,2018-7-27,7-27-2018,"July 27, 2018"
2018,COOK,7,28,76.32,2018-07-28,2018-7-28,7-28-2018,"July 28, 2018"
2018,COOK,7,29,74.34,2018-07-29,2018-7-29,7-29-2018,"July 29, 2018"
2018,COOK,7,30,70.79,2018-07-30,2018-7-30,7-30-2018,"July 30, 2018"
2018,COOK,7,31,70.07,2018-07-31,2018-7-31,7-31-2018,"July 31, 2018"
2018,COOK,8,1,72.37,2018-08-01,2018-8-1,8-1-2018,"August 1, 2018"
2018,COOK,8,2,74.05,2018-08-02,2018-8-2,8-2-2018,"August 2, 2018"
2018,COOK,8,3,77.06,2018-08-03,2018-8-3,8-3-2018,"August 3, 2018"
2018,COOK,8,4,79.58,2018-08-04,2018-8-4,8-4-2018,"August 4, 2018"
2018,COOK,8,5,82.53,2018-08-05,2018-8-5,8-5-2018,"August 5, 2018"
2018,COOK,8,6,83.78,2018-08-06,2018-8-6,8-6-2018,"August 6, 2018"
2018,COOK,8,7,79.66,2018-08-07,2018-8-7,8-7-2018,"August 7, 2018"
2018,COOK,8,8,74.45,2018-08-08,2018-8-8,8-8-2018,"August 8, 2018"
2018,COOK,8,9,76.18,2018-08-09,2018-8-9,8-9-2018,"August 9, 2018"
2018,COOK,8,10,75.83,2018-08-10,2018-8-10,8-10-2018,"August 10, 2018"
2018,COOK,8,11,76.34,2018-08-11,2018-8-11,8-11-2018,"August 11, 2018"
2018,COOK,8,12,76.27,2018-08-12,2018-8-12,8-12-2018,"August 12, 2018"
2018,COOK,8,13,72.99,2018-08-13,2018-8-13,8-13-2018,"August 13, 2018"
2018,COOK,8,14,71.73,2018-08-14,2018-8-14,8-14-2018,"August 14, 2018"
2018,COOK,8,15,74.33,2018-08-15,2018-8-15,8-15-2018,"August 15, 2018"
2018,COOK,8,16,80,2018-08-16,2018-8-16,8-16-2018,"August 16, 2018"
2018,COOK,8,17,75.26,2018-08-17,2018-8-17,8-17-2018,"August 17, 2018"
2018,COOK,8,18,76.99,2018-08-18,2018-8-18,8-18-2018,"August 18, 2018"
2018,COOK,8,19,76.25,2018-08-19,2018-8-19,8-19-2018,"August 19, 2018"
2018,COOK,8,20,71.28,2018-08-20,2018-8-20,8-20-2018,"August 20, 2018"
2018,COOK,8,21,70.63,2018-08-21,2018-8-21,8-21-2018,"August 21, 2018"
2018,COOK,8,22,72.47,2018-08-22,2018-8-22,8-22-2018,"August 22, 2018"
2018,COOK,8,23,74.54,2018-08-23,2018-8-23,8-23-2018,"August 23, 2018"
2018,COOK,8,24,80.35,2018-08-24,2018-8-24,8-24-2018,"August 24, 2018"
2018,COOK,8,25,82.64,2018-08-25,2018-8-25,8-25-2018,"August 25, 2018"
2018,COOK,8,26,81.87,2018-08-26,2018-8-26,8-26-2018,"August 26, 2018"
2018,COOK,8,27,81.96,2018-08-27,2018-8-27,8-27-2018,"August 27, 2018"
2018,COOK,8,28,82.02,2018-08-28,2018-8-28,8-28-2018,"August 28, 2018"
2018,COOK,8,29,77.71,2018-08-29,2018-8-29,8-29-2018,"August 29, 2018"
2018,COOK,8,30,76.39,2018-08-30,2018-8-30,8-30-2018,"August 30, 2018"
2018,COOK,8,31,79.76,2018-08-31,2018-8-31,8-31-2018,"August 31, 2018"
2018,COOK,9,1,80.18,2018-09-01,2018-9-1,9-1-2018,"September 1, 2018"
2018,COOK,9,2,77.92,2018-09-02,2018-9-2,9-2-2018,"September 2, 2018"
2018,COOK,9,3,77.65,2018-09-03,2018-9-3,9-3-2018,"September 3, 2018"
2018,COOK,9,4,77.58,2018-09-04,2018-9-4,9-4-2018,"September 4, 2018"
2018,COOK,9,5,78.14,2018-09-05,2018-9-5,9-5-2018,"September 5, 2018"
2018,COOK,9,6,76.72,2018-09-06,2018-9-6,9-6-2018,"September 6, 2018"
2018,COOK,9,7,75.5,2018-09-07,2018-9-7,9-7-2018,"September 7, 2018"
2018,COOK,9,8,69.97,2018-09-08,2018-9-8,9-8-2018,"September 8, 2018"
2018,COOK,9,9,66.08,2018-09-09,2018-9-9,9-9-2018,"September 9, 2018"
2018,COOK,9,10,67.7,2018-09-10,2018-9-10,9-10-2018,"September 10, 2018"
2018,COOK,9,11,67.87,2018-09-11,2018-9-11,9-11-2018,"September 11, 2018"
2018,COOK,9,12,71.65,2018-09-12,2018-9-12,9-12-2018,"September 12, 2018"
2018,COOK,9,13,75.75,2018-09-13,2018-9-13,9-13-2018,"September 13, 2018"
2018,COOK,9,14,78.32,2018-09-14,2018-9-14,9-14-2018,"September 14, 2018"
2018,COOK,9,15,77.36,2018-09-15,2018-9-15,9-15-2018,"September 15, 2018"
2018,COOK,9,16,76.08,2018-09-16,2018-9-16,9-16-2018,"September 16, 2018"
2018,COOK,9,17,78.12,2018-09-17,2018-9-17,9-17-2018,"September 17, 2018"
2018,COOK,9,18,81.8,2018-09-18,2018-9-18,9-18-2018,"September 18, 2018"
2018,COOK,9,19,83.27,2018-09-19,2018-9-19,9-19-2018,"September 19, 2018"
2018,COOK,9,20,83.13,2018-09-20,2018-9-20,9-20-2018,"September 20, 2018"
2018,COOK,9,21,71.52,2018-09-21,2018-9-21,9-21-2018,"September 21, 2018"
2018,COOK,9,22,64,2018-09-22,2018-9-22,9-22-2018,"September 22, 2018"
2018,COOK,9,23,68.15,2018-09-23,2018-9-23,9-23-2018,"September 23, 2018"
2018,COOK,9,24,70.86,2018-09-24,2018-9-24,9-24-2018,"September 24, 2018"
2018,COOK,9,25,74.82,2018-09-25,2018-9-25,9-25-2018,"September 25, 2018"
2018,COOK,9,26,58.08,2018-09-26,2018-9-26,9-26-2018,"September 26, 2018"
2018,COOK,9,27,59.03,2018-09-27,2018-9-27,9-27-2018,"September 27, 2018"
2018,COOK,9,28,63,2018-09-28,2018-9-28,9-28-2018,"September 28, 2018"
2018,COOK,9,29,67.81,2018-09-29,2018-9-29,9-29-2018,"September 29, 2018"
2018,COOK,9,30,69.59,2018-09-30,2018-9-30,9-30-2018,"September 30, 2018"
2018,COOK,10,1,72.18,2018-10-01,2018-10-1,10-1-2018,"October 1, 2018"
2018,COOK,10,2,75.36,2018-10-02,2018-10-2,10-2-2018,"October 2, 2018"
2018,COOK,10,3,77.92,2018-10-03,2018-10-3,10-3-2018,"October 3, 2018"
2018,COOK,10,4,78.83,2018-10-04,2018-10-4,10-4-2018,"October 4, 2018"
2018,COOK,10,5,77.7,2018-10-05,2018-10-5,10-5-2018,"October 5, 2018"
2018,COOK,10,6,76.38,2018-10-06,2018-10-6,10-6-2018,"October 6, 2018"
2018,COOK,10,7,74.14,2018-10-07,2018-10-7,10-7-2018,"October 7, 2018"
2018,COOK,10,8,75.7,2018-10-08,2018-10-8,10-8-2018,"October 8, 2018"
2018,COOK,10,9,68.68,2018-10-09,2018-10-9,10-9-2018,"October 9, 2018"
2018,COOK,10,10,57.19,2018-10-10,2018-10-10,10-10-2018,"October 10, 2018"
2018,COOK,10,11,51.88,2018-10-11,2018-10-11,10-11-2018,"October 11, 2018"
2018,COOK,10,12,53.26,2018-10-12,2018-10-12,10-12-2018,"October 12, 2018"
2018,COOK,10,13,52.07,2018-10-13,2018-10-13,10-13-2018,"October 13, 2018"
2018,COOK,10,14,56.66,2018-10-14,2018-10-14,10-14-2018,"October 14, 2018"
2018,COOK,10,15,40.07,2018-10-15,2018-10-15,10-15-2018,"October 15, 2018"
2018,COOK,10,16,46.41,2018-10-16,2018-10-16,10-16-2018,"October 16, 2018"
2018,COOK,10,17,53.06,2018-10-17,2018-10-17,10-17-2018,"October 17, 2018"
2018,COOK,10,18,54.87,2018-10-18,2018-10-18,10-18-2018,"October 18, 2018"
2018,COOK,10,19,50.81,2018-10-19,2018-10-19,10-19-2018,"October 19, 2018"
2018,COOK,10,20,54.31,2018-10-20,2018-10-20,10-20-2018,"October 20, 2018"
2018,COOK,10,21,47.91,2018-10-21,2018-10-21,10-21-2018,"October 21, 2018"
2018,COOK,10,22,49.63,2018-10-22,2018-10-22,10-22-2018,"October 22, 2018"
2018,COOK,10,23,53.95,2018-10-23,2018-10-23,10-23-2018,"October 23, 2018"
2018,COOK,10,24,55.53,2018-10-24,2018-10-24,10-24-2018,"October 24, 2018"
2018,COOK,10,25,49.24,2018-10-25,2018-10-25,10-25-2018,"October 25, 2018"
2018,COOK,10,26,49.84,2018-10-26,2018-10-26,10-26-2018,"October 26, 2018"
2018,COOK,10,27,57.65,2018-10-27,2018-10-27,10-27-2018,"October 27, 2018"
2018,COOK,10,28,61.95,2018-10-28,2018-10-28,10-28-2018,"October 28, 2018"
2018,COOK,10,29,61.58,2018-10-29,2018-10-29,10-29-2018,"October 29, 2018"
2018,COOK,10,30,66.91,2018-10-30,2018-10-30,10-30-2018,"October 30, 2018"
2018,COOK,10,31,53.41,2018-10-31,2018-10-31,10-31-2018,"October 31, 2018"
2018,COOK,11,1,44.48,2018-11-01,2018-11-1,11-1-2018,"November 1, 2018"
2018,COOK,11,2,47.49,2018-11-02,2018-11-2,11-2-2018,"November 2, 2018"
2018,COOK,11,3,55.71,2018-11-03,2018-11-3,11-3-2018,"November 3, 2018"
2018,COOK,11,4,47.72,2018-11-04,2018-11-4,11-4-2018,"November 4, 2018"
2018,COOK,11,5,50.6,2018-11-05,2018-11-5,11-5-2018,"November 5, 2018"
2018,COOK,11,6,53.44,2018-11-06,2018-11-6,11-6-2018,"November 6, 2018"
2018,COOK,11,7,54.39,2018-11-07,2018-11-7,11-7-2018,"November 7, 2018"
2018,COOK,11,8,47.33,2018-11-08,2018-11-8,11-8-2018,"November 8, 2018"
2018,COOK,11,9,37.25,2018-11-09,2018-11-9,11-9-2018,"November 9, 2018"
2018,COOK,11,10,32.1,2018-11-10,2018-11-10,11-10-2018,"November 10, 2018"
2018,COOK,11,11,41.75,2018-11-11,2018-11-11,11-11-2018,"November 11, 2018"
2018,COOK,11,12,34.63,2018-11-12,2018-11-12,11-12-2018,"November 12, 2018"
2018,COOK,11,13,26.63,2018-11-13,2018-11-13,11-13-2018,"November 13, 2018"
2018,COOK,11,14,27.09,2018-11-14,2018-11-14,11-14-2018,"November 14, 2018"
2018,COOK,11,15,36.79,2018-11-15,2018-11-15,11-15-2018,"November 15, 2018"
2018,COOK,11,16,50.75,2018-11-16,2018-11-16,11-16-2018,"November 16, 2018"
2018,COOK,11,17,54.23,2018-11-17,2018-11-17,11-17-2018,"November 17, 2018"
2018,COOK,11,18,37.61,2018-11-18,2018-11-18,11-18-2018,"November 18, 2018"
2018,COOK,11,19,35.75,2018-11-19,2018-11-19,11-19-2018,"November 19, 2018"
2018,COOK,11,20,36.34,2018-11-20,2018-11-20,11-20-2018,"November 20, 2018"
2018,COOK,11,21,42.85,2018-11-21,2018-11-21,11-21-2018,"November 21, 2018"
2018,COOK,11,22,47.89,2018-11-22,2018-11-22,11-22-2018,"November 22, 2018"
2018,COOK,11,23,47.88,2018-11-23,2018-11-23,11-23-2018,"November 23, 2018"
2018,COOK,11,24,54.03,2018-11-24,2018-11-24,11-24-2018,"November 24, 2018"
2018,COOK,11,25,43.91,2018-11-25,2018-11-25,11-25-2018,"November 25, 2018"
2018,COOK,11,26,28.03,2018-11-26,2018-11-26,11-26-2018,"November 26, 2018"
2018,COOK,11,27,31.8,2018-11-27,2018-11-27,11-27-2018,"November 27, 2018"
2018,COOK,11,28,45.55,2018-11-28,2018-11-28,11-28-2018,"November 28, 2018"
2018,COOK,11,29,55.92,2018-11-29,2018-11-29,11-29-2018,"November 29, 2018"
2018,COOK,11,30,58.47,2018-11-30,2018-11-30,11-30-2018,"November 30, 2018"
2018,COOK,12,1,54.98,2018-12-01,2018-12-1,12-1-2018,"December 1, 2018"
2018,COOK,12,2,41.8,2018-12-02,2018-12-2,12-2-2018,"December 2, 2018"
2018,COOK,12,3,32.5,2018-12-03,2018-12-3,12-3-2018,"December 3, 2018"
2018,COOK,12,4,27.81,2018-12-04,2018-12-4,12-4-2018,"December 4, 2018"
2018,COOK,12,5,33.08,2018-12-05,2018-12-5,12-5-2018,"December 5, 2018"
2018,COOK,12,6,42.05,2018-12-06,2018-12-6,12-6-2018,"December 6, 2018"
2018,COOK,12,7,39.15,2018-12-07,2018-12-7,12-7-2018,"December 7, 2018"
2018,COOK,12,8,34.82,2018-12-08,2018-12-8,12-8-2018,"December 8, 2018"
2018,COOK,12,9,35,2018-12-09,2018-12-9,12-9-2018,"December 9, 2018"
2018,COOK,12,10,32.42,2018-12-10,2018-12-10,12-10-2018,"December 10, 2018"
2018,COOK,12,11,45.04,2018-12-11,2018-12-11,12-11-2018,"December 11, 2018"
2018,COOK,12,12,50.49,2018-12-12,2018-12-12,12-12-2018,"December 12, 2018"
2018,COOK,12,13,53.01,2018-12-13,2018-12-13,12-13-2018,"December 13, 2018"
2018,COOK,12,14,41.61,2018-12-14,2018-12-14,12-14-2018,"December 14, 2018"
2018,COOK,12,15,40.84,2018-12-15,2018-12-15,12-15-2018,"December 15, 2018"
2018,COOK,12,16,44.12,2018-12-16,2018-12-16,12-16-2018,"December 16, 2018"
2018,COOK,12,17,43.41,2018-12-17,2018-12-17,12-17-2018,"December 17, 2018"
2018,COOK,12,18,47.27,2018-12-18,2018-12-18,12-18-2018,"December 18, 2018"
2018,COOK,12,19,48.28,2018-12-19,2018-12-19,12-19-2018,"December 19, 2018"
2018,COOK,12,20,44.67,2018-12-20,2018-12-20,12-20-2018,"December 20, 2018"
2018,COOK,12,21,39.03,2018-12-21,2018-12-21,12-21-2018,"December 21, 2018"
2018,COOK,12,22,45.97,2018-12-22,2018-12-22,12-22-2018,"December 22, 2018"
2018,COOK,12,23,40.22,2018-12-23,2018-12-23,12-23-2018,"December 23, 2018"
2018,COOK,12,24,41.74,2018-12-24,2018-12-24,12-24-2018,"December 24, 2018"
2018,COOK,12,25,51.7,2018-12-25,2018-12-25,12-25-2018,"December 25, 2018"
2018,COOK,12,26,54.27,2018-12-26,2018-12-26,12-26-2018,"December 26, 2018"
2018,COOK,12,27,48.92,2018-12-27,2018-12-27,12-27-2018,"December 27, 2018"
2018,COOK,12,28,31.02,2018-12-28,2018-12-28,12-28-2018,"December 28, 2018"
2018,COOK,12,29,26.8,2018-12-29,2018-12-29,12-29-2018,"December 29, 2018"
2018,COOK,12,30,33.21,2018-12-30,2018-12-30,12-30-2018,"December 30, 2018"
2018,COOK,12,31,41.87,2018-12-31,2018-12-31,12-31-2018,"December 31, 2018"
